{
    "providers": [
        {
            "type": "bitmap",
            "file": "minecraft:font/sweat.png",
            "ascent": 10,
            "height": 13,
            "chars": [
                "😅"
            ]
        },

        {
            "type": "bitmap",
            "file": "minecraft:font/sad.png",
            "ascent": 10,
            "height": 13,
            "chars": [
                "😭"
            ]
        },

        {
            "type": "bitmap",
            "file": "minecraft:font/love.png",
            "ascent": 10,
            "height": 13,
            "chars": [
                "😍"
            ]
        },

        {
            "type": "bitmap",
            "file": "minecraft:font/cool.png",
            "ascent": 10,
            "height": 13,
            "chars": [
                "😎"
            ]
        },

        {
            "type": "bitmap",
            "file": "minecraft:font/heart.png",
            "ascent": 10,
            "height": 13,
            "chars": [
                "❤"
            ]
        },

        {
            "type": "bitmap",
            "file": "minecraft:font/gift.png",
            "ascent": 8,
            "height": 9,
            "chars": [
                "🎁"
            ]
        },

        {
            "type": "bitmap",
            "file": "minecraft:font/up.png",
            "ascent": 8,
            "height": 9,
            "chars": [
                "👍"
            ]
        },

        {
            "type": "bitmap",
            "file": "minecraft:font/down.png",
            "ascent": 8,
            "height": 9,
            "chars": [
                "👎"
            ]
        },

        {
            "type": "bitmap",
            "file": "minecraft:font/kiss.png",
            "ascent": 10,
            "height": 13,
            "chars": [
                "😘"
            ]
        },

        {
            "type": "bitmap",
            "file": "minecraft:font/imp.png",
            "ascent": 10,
            "height": 13,
            "chars": [
                "😈"
            ]
        },

        {
            "type": "bitmap",
            "file": "minecraft:font/rage.png",
            "ascent": 10,
            "height": 13,
            "chars": [
                "😡"
            ]
        },

        {
            "type": "bitmap",
            "file": "minecraft:font/clown.png",
            "ascent": 10,
            "height": 13,
            "chars": [
                "🤡"
            ]
        },

        {
            "type": "bitmap",
            "file": "minecraft:font/blink.png",
            "ascent": 10,
            "height": 13,
            "chars": [
                "😉"
            ]
        },

        {
            "type": "bitmap",
            "file": "minecraft:font/fire.png",
            "ascent": 10,
            "height": 13,
            "chars": [
                "🔥"
            ]
        },

        {
            "type": "bitmap",
            "file": "minecraft:font/laugh.png",
            "ascent": 10,
            "height": 13,
            "chars": [
                "🤣"
            ]
        },

        {
            "type": "bitmap",
            "file": "minecraft:font/flushed.png",
            "ascent": 10,
            "height": 13,
            "chars": [
                "😳"
            ]
        },

        {
            "type": "bitmap",
            "file": "minecraft:font/smile.png",
            "ascent": 10,
            "height": 13,
            "chars": [
                "🙂"
            ]
        },

        {
            "type": "bitmap",
            "file": "minecraft:font/tongue.png",
            "ascent": 10,
            "height": 13,
            "chars": [
                "😛"
            ]
        },

        {
            "type": "bitmap",
            "file": "minecraft:font/ds.png",
            "ascent": 10,
            "height": 13,
            "chars": [
                "҈"
            ]
        },

        {
            "type": "bitmap",
            "file": "minecraft:font/logo.png",
            "ascent": 0,
            "height": 15,
            "chars": [
                "▯"
            ]
        },

        {
            "type": "bitmap",
            "file": "minecraft:font/player.png",
            "ascent": 9,
            "height": 11,
            "chars": [
                "💁"
            ]
        }
    ]
}