{
    "providers": [
        {
            "type": "bitmap",
            "file": "minecraft:font/sweat_smile.png",
            "ascent": 10,
            "height": 13,
            "chars": [
                "😅"
            ]
        },

        {
            "type": "bitmap",
            "file": "minecraft:font/sob.png",
            "ascent": 10,
            "height": 13,
            "chars": [
                "😭"
            ]
        },

        {
            "type": "bitmap",
            "file": "minecraft:font/heart_eyes.png",
            "ascent": 10,
            "height": 13,
            "chars": [
                "😍"
            ]
        },

        {
            "type": "bitmap",
            "file": "minecraft:font/sunglasses.png",
            "ascent": 10,
            "height": 13,
            "chars": [
                "😎"
            ]
        },

        {
            "type": "bitmap",
            "file": "minecraft:font/heart.png",
            "ascent": 10,
            "height": 13,
            "chars": [
                "❤"
            ]
        },

        {
            "type": "bitmap",
            "file": "minecraft:font/gift.png",
            "ascent": 8,
            "height": 9,
            "chars": [
                "🎁"
            ]
        },

        {
            "type": "bitmap",
            "file": "minecraft:font/up.png",
            "ascent": 8,
            "height": 9,
            "chars": [
                "👍"
            ]
        },

        {
            "type": "bitmap",
            "file": "minecraft:font/down.png",
            "ascent": 8,
            "height": 9,
            "chars": [
                "👎"
            ]
        },

        {
            "type": "bitmap",
            "file": "minecraft:font/kiss.png",
            "ascent": 10,
            "height": 13,
            "chars": [
                "😘"
            ]
        },

        {
            "type": "bitmap",
            "file": "minecraft:font/imp.png",
            "ascent": 10,
            "height": 13,
            "chars": [
                "😈"
            ]
        },

        {
            "type": "bitmap",
            "file": "minecraft:font/rage.png",
            "ascent": 10,
            "height": 13,
            "chars": [
                "😡"
            ]
        },

        {
            "type": "bitmap",
            "file": "minecraft:font/ds.png",
            "ascent": 10,
            "height": 13,
            "chars": [
                "҈"
            ]
        },

        {
            "type": "bitmap",
            "file": "minecraft:font/logo.png",
            "ascent": 0,
            "height": 25,
            "chars": [
                "▯"
            ]
        }
    ]
}